26.2,7.4,26.4,32,14.5,21.3,30.4,82,43.6,41.8,96.5,12.6,24.4,58.5,44.2,15,17.3,45.4,13.2,5.35,26.8,46.9,4.22,16,16,16
26.2,8.9,24.8,31,13.5,23.8,28.2,60.4,37.5,45.4,74,12.3,23.8,70.5,49.9,15.4,16.2,40.5,12.3,5.7,25.4,36.9,7.25,16.9,16.9,16.9
25.5,42,24.8,29.5,14,23.2,28.9,50.9,34.1,40,62.5,15.1,23.4,62,55,19.1,16.5,38,11.8,5.9,25.2,32.3,6.8,13.7,13.7,13.7
37.7,39.3,22.4,30,17.2,21.9,28.2,46.2,30.9,32,56,15.4,24.4,51,54.5,41.5,137,36,14.4,5.75,23.5,48.1,7.4,12.3,12.3,12.3
36.9,64.5,20.8,31.5,16.6,30.7,25.4,48.1,27,27.8,52.5,16.7,26.4,44.9,56,30.2,112,35.6,18.8,5.25,22.7,54,8.15,13.1,13.1,13.1
37.7,48,21.6,32,23.8,33.8,23.4,45.3,24,24.4,48,20.5,28.2,39.4,55,26.9,96.5,34.9,19.7,5.2,19.7,43,18,13.5,13.5,13.5
37.7,35.8,23.2,29,30.7,39.6,23.4,39.9,22,21.9,45.6,20.6,33.1,34.2,50,65.5,72,43.8,18.3,10.9,17.5,35.8,49.6,17.2,17.2,17.2
37.7,37.2,25.6,27.2,27.9,33.8,23.4,37.2,20.1,20.6,42.2,21,40.8,31.8,57,281,67.5,46.4,18.2,15.1,16.8,31.4,55,31,31,31
43.3,33,23.2,27.2,30.7,25.1,20.8,32,18.3,18.7,39.4,21.1,47.2,30.2,62.5,181,102,42.5,19.7,11.7,16.9,26.9,39.3,24.9,24.9,24.9
41.4,31,23.2,24.8,32.2,20.7,19.1,29.7,17.7,17.1,39.1,21,48.5,29.9,56,116,136,37.2,18.7,9.65,17.5,25.2,32.9,24.9,24.9,24.9
42.3,28.5,22.4,23.2,30,18.3,17.9,27.5,19.5,16.1,40.2,18.7,49.6,29.4,45.4,78.5,91,34,18.1,8.45,17.9,24.3,29.8,22.5,22.5,22.5
43.3,25.6,24,23.2,30.7,17.2,17.4,23.4,24.7,15.5,39.3,17.8,44.6,26.8,40.9,58.5,65.5,38.5,30.1,7.5,17.7,22.1,25.7,21.4,21.4,21.4
42.3,22.4,28,24.8,33.8,16.6,17.4,20.8,22.7,15.5,33.2,18.4,35.5,25.8,37.6,46.5,51.5,53.5,53.5,6.7,17.3,21.3,28.7,21.9,21.9,21.9
41.4,20,28.5,23.2,39.6,16.1,17.9,20.2,21.4,16.1,33.1,17.8,29.6,27.2,37.4,38.3,44.9,44.1,43.9,8.5,16.3,20,26.8,23,23,23
40.4,20,29,23.2,46.4,16.1,17.4,20.8,20.1,16.6,30.8,16.8,28.8,30.4,34.1,32.3,39.1,43.1,37.8,11.5,15.3,19.6,24.7,21.5,21.5,21.5
37.7,17.9,29.5,22.4,55.5,16.6,16.3,20.2,22,38.4,28.5,15.1,27,28.3,31.2,33.3,35.5,40.6,39.1,11.6,15,20,22,21.2,21.2,21.2
36.9,20,29.5,18.8,48.2,16.1,15.8,19.1,24.7,54,28.7,14.5,25.6,27.8,29.5,92.5,33.3,36.6,50,10.8,14.6,20.1,19.9,19.6,19.6,19.6
29,19.3,30.5,17.6,46.4,16.1,15.3,18.5,21.4,67.8,26.7,15.1,26.4,24.6,30.9,93,33.2,36.4,47.9,9.9,13.5,20.1,17.9,20.5,20.5,20.5
24.8,17.2,30,15.8,50,17.2,15.3,19.1,17.7,59,23.5,15.9,37.9,23.5,29.7,66.5,33.9,37.9,41.6,9.3,12.2,20.2,16.6,23.3,23.3,23.3
27.6,15.8,28,14.6,47.3,17.2,15.3,19.6,16,50,20.8,15,40.9,24.9,29.4,51.5,34.3,47.8,35.3,9.45,11.3,20.2,15.8,23.5,23.5,23.5
29,15.8,23.2,14,52,19.5,15.3,19.1,14.9,40,18.9,13.4,36,28.5,30.4,47,34.6,45.1,32.9,9.4,10.6,20.3,15,24.6,24.6,24.6
29,15.8,21.6,15.8,51,30,16.3,18.5,14.3,35.2,17.4,11.8,48.9,32,26.4,83.5,32.1,38.9,27.8,11.7,10,20.3,13.5,25.4,25.4,25.4
37.7,17.2,20,14.6,48.2,36.2,19.6,17.9,14.9,31.3,17.7,12.3,40.3,36.6,28.1,137,29.8,37.4,23.2,14.7,9.55,20.4,12.5,26.5,26.5,26.5
124,14.4,19.4,14,47.3,37.1,19.6,17.4,32.5,28.5,17.1,12.9,35.2,39.3,30.8,108,28.8,38.1,21.2,14.3,9.3,20.4,11.9,26.8,26.8,26.8
76.5,15.1,20,13.7,39.6,30.7,20.2,16.3,35.8,25.7,16.9,10.9,32.7,42.5,29.8,86.5,29,34.4,23.5,13.4,9.1,20.5,36.6,92.5,92.5,92.5
52,13.7,18.8,13,41.3,32.2,26.1,17.4,27.7,23.7,18.4,10.9,30.2,49.4,30.2,98,28.9,34.7,79,13.3,9.55,20.5,152,84.5,84.5,84.5
44.2,13.7,20,13.3,34.6,32.2,24.7,26.1,24,22.5,17,12.9,35.6,42.5,28.9,79.5,27.7,36.1,94.5,13.8,9.1,21.9,95.5,62,62,62
55.5,13.7,24.8,29.7,33,31.5,25.4,22.1,21.4,21.2,15.4,14,31.1,43.7,26,65.5,28.5,37.3,59,14,10.2,21.7,74.5,54.5,54.5,54.5
52,13,35.8,38.6,31.5,28.6,43.5,20.8,19.5,21.2,14.7,14.4,54.5,39.9,21.7,54,28.6,34.5,46.3,14.7,10.4,30.2,57,53.5,53.5,53.5
57.5,14.4,40,40,30.7,24.5,60.4,31.2,17.7,20.6,14,15.1,53,32.8,19.3,48.5,27.5,32,37.7,13.4,10.5,22.3,66,49.3,49.3,49.3
253,15.1,39.3,33,27.2,22.5,112,79.5,17.1,20.6,14.7,13.1,51,30.1,19.8,49.3,23.9,28.2,30.3,11.9,12.3,17.6,78,46.7,46.7,46.7
190,15.1,48,29,26.5,25.1,89.7,95,17.1,19.3,15.9,12,45.9,28.5,21.7,47.1,23,30.3,25.5,10.7,14.4,30.4,80,46.8,46.8,46.8
130,15.1,54,29,26.5,22.5,77.1,63.5,17.1,20.6,16.3,13.1,38.5,44.4,22.7,52,22.8,28.6,24.6,10.1,12.3,64.5,67.5,41.8,41.8,41.8
91,19.3,52.5,35.8,23.2,21.3,269,53.6,16,23.1,14.8,15,36.4,50,20.3,59,21.6,27.2,24.8,11.5,10.9,44.6,63.5,37.6,37.6,37.6
74.5,18.6,53,32,18.9,21.3,204,55.5,14.3,27.8,14.4,15.9,36.1,37.6,17.8,56,18.1,24,24.3,13,10.1,36.5,56.5,33.6,33.6,33.6
60,20,48,30,17.7,22.5,121,95,13.8,26.4,14,18.7,36.7,35.4,17.6,55,16.5,24.5,24.3,15.3,9.6,30.9,50.5,28.3,28.3,28.3
53,18.6,35.8,29,18.9,21.9,77.1,104,13.3,25,15.1,14.1,36.8,35.2,24.9,53.5,15.5,25.7,24.5,15.1,9.45,27.1,44.2,27.6,27.6,27.6
49,17.2,31,26.4,18.9,19.5,59.4,74.7,13.3,29.2,15.9,12.2,42.5,32.8,62,91,15.3,28.7,21.2,13.7,9.3,24.5,37.8,27.5,27.5,27.5
47.1,17.9,24.8,23.2,21.9,18.9,48.1,61.4,13.3,31.3,17.5,11.8,36.4,29.6,85.5,68,17,34.6,18,13.9,9.5,22.8,34,23.9,23.9,23.9
38.5,17.9,20,24.8,21.9,18.9,38.1,56.4,13.3,28.5,22,11.2,32,25.7,69.5,57,18.3,30.9,16.5,12.1,10.5,20.5,30.1,20.9,20.9,20.9
39.5,17.9,20.8,34.1,41.3,17.7,33.7,55.5,16,29.9,57.5,11.6,28.1,23.8,73.5,51,18,29.7,15.4,10.3,11.4,18.4,27.8,20.4,20.4,20.4
33.6,17.2,18.2,34.4,59.5,16.1,33.7,51.8,18.3,29.9,52.5,12.5,24,19,120,50.5,17.6,34.3,14.8,9.45,11.7,16.8,27.1,19.9,19.9,19.9
31.2,13,18.2,31.5,44.7,15.5,39.9,46.2,30.1,32.8,47.7,14.1,22.6,15.9,116,49.4,17.6,36.8,14.4,8.6,11,15.3,27.9,18.3,18.3,18.3
29,15.1,17.6,31.5,39.6,14,30.4,37.2,30.1,36.8,36,14.6,23.8,14.5,124,45.7,16.3,43.9,12.4,8.15,11,14.4,28.3,20.3,20.3,20.3
25.5,13,17.6,30,34.6,12.2,23.4,29.7,27,60.1,33.1,14.9,41.2,14.7,101,39.3,14.3,49.3,11,7.5,11.4,13.4,25.7,20.4,20.4,20.4
22.2,13,17.6,28.5,31.5,11.8,24,26.8,25.5,42.7,32.5,14.8,176,15.1,87.5,37.6,13.6,57.5,9.85,6.95,11.2,12.4,23.4,17.5,17.5,17.5
22.8,13.7,16.4,28,30.7,11.4,26.8,27.5,23.3,35.2,40,13.5,116,15.9,78,35,12.6,62,9.1,6.75,9.6,11.6,21.1,16.2,16.2,16.2
19.7,13,15.2,27.2,28.6,10.7,25.4,31.2,20.1,29.2,34.8,13.5,78.5,17.3,67,33.5,36.4,64.5,8.4,6.45,8.65,10.7,19.3,17.8,17.8,17.8
19.1,12.7,15.2,24.8,27.9,10.7,72.3,43.5,18.9,27.8,31,12.6,64.5,48.9,62.5,31,57.5,61.5,7.85,6.15,8.15,10.1,17.6,36,36,36
18.5,14.4,17,23.2,27.9,10.3,131,40.8,24.7,25.7,28,13.9,55.5,44.5,59,28.7,48.5,57.5,7.8,7.45,8,10.2,26.9,27.4,27.4,27.4
17.3,20,14.6,21.6,28.6,9.6,87.1,37.2,33.3,24.4,25.2,13.2,53.5,32.6,59,26.6,38.3,47.2,7.3,9.75,8.1,11.7,65,23.1,23.1,23.1
16.8,20,15.8,20,36.2,9.25,78.3,55.5,24.7,23.7,31.9,13.2,51,29.6,52,26.8,30.7,39.6,6.8,7.45,8.3,12.3,51.5,20.3,20.3,20.3
16.8,20,14,18.2,78.5,8.6,65.6,57.4,21.4,21.9,27.1,11.7,41.7,35.7,46.1,22.4,25.4,33.7,6.75,7.2,8.9,12.3,38.1,17.9,17.9,17.9
64.5,21.6,12.8,16.4,50,8.05,57.4,44.4,19.5,23.1,23.5,11.3,43.4,32.7,41.5,18.9,23,28.6,6.45,23.8,9,13.4,29.9,16.9,16.9,16.9
91,21.6,11.7,14.6,36.2,8.05,50.9,39.9,17.1,23.1,21.9,10.3,47.9,27.7,38.7,17.1,21.6,25.1,6.5,31.4,8.1,20.1,25.7,18.5,18.5,18.5
67,22.4,11.1,13.7,38.7,8.05,47.2,36.3,14.9,21.9,27,9.4,38.9,26.7,39.6,15.6,20.1,22.4,6,22.6,7.45,15.4,22.6,16.3,16.3,16.3
97.5,22.5,10.8,13.3,35.4,7.75,50.9,38.1,15.4,21.2,29.4,9,35,68.5,38.7,18.4,18.5,28.7,7.55,17.3,7.1,14.7,20.3,14.8,14.8,14.8
73,20.8,10.5,13,30,7.5,42.6,40.8,22.7,20.6,24.7,8.55,29.8,55.5,41.7,21.5,17.2,38.8,12,14.2,6.8,12.6,18.9,13.2,13.2,13.2
66,16.5,10.5,12.6,27.2,7.25,38.1,42.6,18.3,56,22.2,8.1,26.4,44.1,40.6,17.4,15.4,37,10,12.2,6.4,11,16.5,12.1,12.1,12.1
46.1,15.8,10.2,11.9,30,7.5,39,37.2,16,59,20.8,7.3,26.6,36.4,35.2,14.6,13.9,43.3,8.45,11.1,6.35,10.3,15,11.2,11.2,11.2
36.9,14.4,9.9,11.9,30.7,7.5,37.2,38.1,14.3,44.5,19.3,7.3,25.8,31.5,31.4,12.7,13.2,34.7,7.4,10.2,6.2,12.7,13.7,10.3,10.3,10.3
30.4,12.7,9,11.9,106,7,47.2,46.2,12.8,38.4,18.3,8.1,23.3,30.4,28.3,11.7,13.2,29.3,6.4,9.15,6.2,14.5,12.7,9.6,18.91,10.66
27.6,12.3,8.75,11.6,68,6.55,64.5,37.2,11.9,36.8,17.6,8.95,21.9,29.8,27.7,10.9,12.2,24.6,5.95,8.3,6.85,45.1,12.2,9.05,17.83,11.16
30.4,11.3,8.5,10.9,51,6.15,53.6,35.4,10.9,32.8,16.5,10,20.3,49.6,25.6,10.2,11.7,21.9,5.35,7.85,9.5,36.7,11.4,8.6,16.32,12.41
26.2,10.9,7.95,10.5,40.4,6.15,45.3,37.2,13.8,31.3,16.4,10.5,18.8,87.5,23.4,10.1,12.1,21.7,5.1,7.35,9.05,27.1,10.4,8.05,15.01,10.83
27.6,10.9,8.2,10.5,33,5.8,37.2,33.7,20.1,30.6,14.8,9.55,17.7,96.5,25,9.7,11.4,19.4,5.3,7.9,7.2,50.5,9.6,7.7,14.14,9.95
55.5,28,9,13.3,29.3,5.8,34.6,32,25.5,27.1,13.8,9.65,16.9,95.5,22.2,9.1,10.2,18.4,4.46,12.6,6.9,56,9,7.2,13.32,9.37
44.2,26.4,11.1,11.6,25.8,5.95,30.4,30.4,30.1,25,13.1,9.4,15.5,75,22.7,8.3,9.7,16.8,4.14,9.85,9.15,46.3,8.65,6.8,12.53,9.19
35.3,18.6,9.6,10.5,23.2,5.8,27.5,26.8,21.4,21.9,12.4,9.1,14.1,62,21.7,8,11.3,15.4,3.9,8.5,17,41.3,8.4,6.55,11.96,8.41
32.8,15.1,8.75,10.2,21.3,5.2,27.5,23.4,17.1,19.3,11.7,11.4,13.7,52,18.9,7.2,11.4,14.2,3.63,7.8,17,33.9,9.85,6.6,11.3,8.05
86.5,13,8.2,9.9,19.5,4.79,26.1,20.8,14.3,18.2,11.4,10.7,12.8,47,17.2,6.95,9.7,13,3.4,7.15,11.8,41.4,10.2,6.1,10.69,7.66
76.5,23.2,7.7,9.6,18.3,4.79,24,24,12.8,16.6,10.4,10.5,12.8,41.9,16,6.7,8.45,12.1,3.4,6.7,9.7,46.7,12.4,5.95,10.48,7.39
64.5,35.8,7.7,9.3,21.9,4.79,20.8,17.9,11.4,15.5,9.35,50,12.1,37.9,15.1,6.4,7.8,11.5,3.36,7.3,8.45,37.7,14.2,5.95,10.34,6.77
52,28,22.9,8.75,25.1,4.39,24.7,16.3,10.5,14.5,8.95,35.5,11.2,35.4,14.5,6.15,7.4,10.8,3.21,8.1,7.6,30.7,10.8,5.6,9.77,6.56
40.4,21.6,12.4,8.75,16.6,3.85,28.9,14.4,10.1,13.4,8.55,32.3,10.5,32.3,14.1,6.05,7.2,11.5,3,7.1,7,28.1,10.7,5.4,9.06,6.25
61,26.4,10.2,8.75,16.6,3.67,23.4,12.6,9.27,14.5,8.15,24.4,9.85,29.2,14.2,6,10.6,12.3,3.08,6.45,6.4,23.6,10,5.2,8.54,7.47
48,40.9,9,8.5,101,3.85,20.8,11.7,9.67,12.6,7.75,18.9,9.55,28.1,13.3,6.2,15.6,14,2.85,5.95,6.35,38.4,8.65,4.98,8.14,7.29
37.7,29.5,8.5,8.5,75.5,3.51,19.6,12.6,10.1,13.9,7.2,16.1,9.25,24.7,12.5,8.6,11.5,31.2,2.42,5.5,8.75,75,7.8,4.69,7.72,6.09
31.2,24,7.95,9.3,48.2,3.35,17.4,11.7,9.67,13.9,7.05,14.1,8.95,23.6,11.5,13.4,9.8,19.1,2.13,5.3,7.9,96,7.3,4.46,7.39,5.76
26.2,21.6,7.7,8.75,39.6,3.19,16.3,10.6,8.5,12.1,6.8,12.4,8.75,24.3,12,11.6,9.65,15.3,2.23,4.87,6.95,60.5,6.85,4.4,7.1,5.47
23.4,18.6,9.3,8.2,33.8,3.19,17.4,10.2,8.11,11.3,6.35,11.3,7.95,20.9,24.4,10.8,14.8,13.2,4.13,4.85,6.45,45.8,6.5,4.38,6.88,6.79
19.7,15.1,14,7.95,28.6,4.39,17.4,9.5,7.37,10.5,6.2,10.4,8.25,19.3,17.8,8.95,20.4,12.1,2.67,6.75,6.25,36.5,6.35,4.15,6.5,21.72
17.3,13,7.95,7.7,28.6,6.55,16.3,8.83,7,10,6.05,9.7,7.55,17.8,18.1,7.65,17.2,11,2.32,5.85,5.7,34.4,6.2,4,6.27,40.8
16.8,12.3,11.7,7.2,25.8,9.6,15.3,8.83,6.3,10,5.85,13.4,7.5,16.7,23.3,6.85,13,10.1,2.71,5.25,5.3,41.7,6.7,3.93,5.99,21
14.8,11.6,14,7.7,24.5,9.25,17.4,8.83,5.97,10,5.6,10.7,8.9,15.6,18.4,6.5,10.9,9.5,2.12,4.7,5,52.5,6.5,3.76,5.73,15.23
13.3,10.9,11.7,7.2,21.3,8.05,16.3,8.83,5.64,10,5.45,9,10.2,14.7,15.9,6.15,9.75,9.4,1.96,4.2,4.64,61,5.95,3.71,5.52,12.49
32,10.2,10.5,7.2,18.9,7.25,15.3,8.19,5.64,10.9,5.9,9.9,8.1,13.6,14.5,5.85,9.55,9.05,1.93,4.09,4.4,51.5,5.65,8.05,5.28,11.09
19.7,21.5,9.3,9.6,17.2,11.4,13.9,7.89,5.31,10.5,5.5,11.6,10.2,12.7,13.2,5.55,11.4,9.2,1.87,4.56,4.31,48.3,5.3,15.1,5.12,9.94
13.8,13,8.75,9.3,16.1,12.7,13.4,7.6,5,10,11.5,9.7,15,12.2,12.3,5.2,9.9,10.6,2.17,4.39,4.11,43.2,5.05,7.6,9.33,9.1
11.5,10.9,8.2,17.6,17.2,14,14.8,7.05,5,9.2,20.3,9.35,10.6,11.7,11.6,4.9,8.65,13,1.99,4.08,4.07,46,5.05,6.1,9.98,8.52
10.3,10.9,7.7,17.6,18.3,9.95,38.1,7.05,4.72,8.86,11.5,8.45,8.95,10.8,10.7,4.67,7.85,10.7,1.74,3.73,3.8,34.3,9.95,5.35,8.35,7.86
10.3,10.2,7.2,11.3,15.5,7.75,24,6.79,4.46,8.51,8.95,7.6,7.9,9.75,10.3,4.5,7.3,22.2,1.86,4.87,3.53,30.1,6.75,4.89,9.5,7.34
9.85,9.5,7,9.9,14,8.6,19.1,6.79,4.46,7.82,7.5,7.05,6.95,9.45,9.45,4.44,8.5,32.2,2.05,3.88,3.53,26.7,8.75,4.52,7.04,7.2
9,8.9,6.25,8.75,13.5,9.25,16.3,6.79,3.96,7.48,7.1,6.45,6.25,8.9,9,4.22,8.95,28,2,3.59,3.46,23.2,10.7,4.3,7.19,6.8
8.2,8.9,6.25,8.5,19.5,9.95,17.4,8.5,3.96,7.13,8.5,6.35,5.65,8.2,8.85,4.22,8.15,27.6,2.07,3.51,3.09,26.9,7.15,4.01,6.91,6.24
9.45,8.3,5.7,8.2,18.3,9.25,25.4,13.4,3.96,6.79,7.45,5.65,5.45,8.05,10.2,4.05,7.35,20.3,2.03,3.24,2.95,29.2,6.05,3.87,6.54,8.18
17.3,8,5.7,7.7,16.1,11.4,17.9,9.16,3.74,6.44,6.55,5.35,5.3,8.55,8.75,4.19,7.15,20.6,1.96,3.42,2.95,28.3,8.1,3.71,6.12,13.58
16.8,7.7,5.2,7.2,14.5,9.6,15.3,8.19,3.52,6.44,6.05,5.25,7.35,8.25,7.95,4.88,34.5,16.7,1.92,3.44,2.77,33.7,6.55,3.53,5.55,11.29
16.3,7.4,5.2,7.2,13.1,12.2,13.9,7.89,3.52,11.3,5.45,5.15,7.95,7.85,7.55,4.47,40.8,14.6,1.88,2.95,2.76,31.8,5.7,3.42,5.21,48.59
15.3,6.8,4.84,6.75,11.8,9.6,13.4,7.32,3.52,20,7.6,5.1,6.55,7.3,7.25,4.16,22.4,13,1.84,2.76,2.76,30.8,5.2,3.29,4.91,35.17
13.8,6.8,4.84,6.25,11.4,7.75,13,7.05,3.32,14.5,9.7,5,6.15,6.7,6.85,3.86,16,11.7,1.84,2.59,2.62,29.4,6.7,3.23,4.76,22.48
13.3,6.5,4.84,5.7,11,6.75,11.7,6.79,3.14,11.3,7.3,4.29,5.9,6.5,6.5,3.81,13.2,10.8,1.98,2.38,3.01,28.1,12.4,3.13,7.01,17.83
12.3,6.5,4.84,5.2,10.7,6.15,10.6,6.54,3.14,9.62,6.35,3.77,5.65,6.3,6.5,3.55,11.6,10.1,2,2.24,2.67,26.8,7.75,3.06,7.21,15.5
11.9,6.05,4.84,4.84,9.95,5.45,10.2,6.3,4.72,8.86,5.65,3.86,5.4,6.1,6.05,3.38,10.2,9.15,2,2.19,2.57,25.4,6.25,3,5.4,13.69
11.1,6.05,4.84,6.75,9.95,4.79,10.2,6.07,4.2,8.17,5.65,3.97,5.1,5.95,5.65,3.13,9.25,8.5,2,2.15,2.42,24.1,5.6,2.95,4.92,12.25
10.3,5.6,6,6.25,9.25,4.02,10.2,5.85,3.74,7.82,5.2,3.92,4.86,5.75,5.8,3.16,8.25,8.05,2,1.93,2.38,22.9,5.2,2.9,4.61,12.07
9.45,5.6,9.9,5.2,9.25,3.35,9.16,5.64,3.52,7.13,5.1,3.84,4.6,5.55,5.55,3.02,7.55,7.7,2,1.82,2.34,21.7,4.8,2.81,4.21,12.13
8.6,6.05,38.6,5.2,8.6,3.04,8.19,5.64,3.32,6.79,5,3.77,4.5,5.4,5.3,2.83,9.3,7.15,2,1.7,2.21,20.6,4.62,2.76,3.95,10.69
8.2,6.5,16.4,5.2,8.35,3.67,8.5,5.44,3.14,6.44,7.45,3.65,4.47,5.25,5.3,2.63,52,6.45,2,1.7,2.19,19.4,5.35,2.77,3.85,9.52
7.55,8.3,11.1,5,8.35,10.7,8.19,5.25,3.14,6.1,11.3,3.45,4.22,5.05,5.1,2.7,32.9,5.55,2.14,1.68,2.13,18.2,10.1,2.75,3.67,8.77
7.55,10.6,9.6,4.84,8.05,8.95,7.6,5.25,2.96,6.1,11.2,3.6,4.22,4.89,4.88,2.71,21.2,5.1,2.02,1.55,2.02,17.1,5.75,2.69,3.52,8.06
7.25,8.9,8.75,4.48,8.05,7,7.6,5.07,2.96,5.75,7.35,3.62,4.22,4.73,4.67,2.65,16.4,4.74,2.02,1.55,2,16.1,4.98,2.69,3.45,7.61
6.9,7.4,32,4.12,7.5,5.95,7.32,4.91,2.96,5.75,6.3,3.87,4.06,4.57,4.39,2.53,13.7,4.46,2.02,1.49,2,15.1,4.56,2.61,3.34,7.53
6.9,6.5,25.6,4.12,7.5,5.45,7.05,4.75,2.8,5.24,11.4,3.82,3.83,4.31,4.16,2.52,13,4.21,2.02,1.42,2,14.1,4.42,2.55,3.17,7.43
6.6,6.5,20,3.76,7.5,4.99,6.79,5.07,2.8,5.24,28.5,3.49,3.69,4.12,4.14,2.5,18.3,4.18,2.02,1.4,2.76,13.1,4.17,4.2,3.12,7.18
6.3,11.6,45.2,3.4,7,4.39,7.05,4.91,2.8,4.99,16.7,3.41,3.55,4.08,3.88,2.47,13.5,4.27,2.11,1.4,2.77,12.1,4.11,3.53,3.03,6.74
5.65,8.9,43,3.24,8.6,3.67,7.05,4.75,2.62,4.73,11.7,3.21,3.23,4.03,3.88,2.45,11.4,4.16,2.02,1.4,2.43,11.2,4.06,3.74,2.79,6.34
5.65,6.5,29.5,3.08,9.25,3.35,6.79,4.91,2.44,4.73,10,3.16,3.07,3.98,3.88,2.45,10.1,3.99,1.84,1.4,2.31,10.3,3.77,3.41,2.67,6
5.65,6.3,20,2.76,9.25,3.19,7.89,4.91,2.44,4.48,9.2,3.09,2.89,3.94,3.88,2.44,9.25,3.89,1.82,1.29,2.19,9.5,3.63,2.92,2.62,5.74
5.65,6.05,15.8,2.76,8.6,3.04,24.7,5.07,2.44,4.22,8.15,2.91,2.9,3.83,3.88,2.43,8.5,3.59,1.82,1.38,2.11,8.65,3.48,3.22,2.6,5.34
5.3,5.2,13.6,2.45,8.6,2.9,39,5.25,2.44,4.22,7.45,4.07,2.99,3.6,3.88,2.41,8,3.44,1.82,1.96,2.11,7.8,3.34,8.8,2.64,4.99
5.3,5.2,12,3.24,8.6,2.62,35.4,4.91,2.27,4.22,7.1,40.4,2.93,3.6,3.88,2.41,7.4,3.36,1.79,1.79,35.8,7.45,3.24,6.1,2.75,5.29
5.3,4.74,11.1,3.58,7,2.49,33.7,5.07,2.11,3.97,6.75,15.7,2.85,3.99,3.83,2.41,6.75,3.28,1.64,1.6,12.9,7.2,3.15,6.25,3.39,6.13
5.3,4.3,10.5,2.76,5.2,2.62,20.8,5.07,2.11,3.71,6.4,9.4,2.83,3.94,3.78,2.41,6.25,3.4,1.7,2.51,7.25,6.9,3.04,5.5,2.74,6.26
5.3,4.3,9.9,2.45,5.2,2.76,15.3,4.6,2.27,3.71,6.05,22.1,2.72,3.58,3.72,2.41,5.95,3.43,1.79,1.86,5.45,6.65,2.98,4.45,2.58,5.68
5.3,4.3,9.3,2.3,5.6,2.76,13,4.43,2.27,3.97,5.6,14.7,2.79,3.5,3.66,2.41,5.55,4.03,1.82,1.7,4.39,6.4,2.85,3.76,2.41,4.61
5,4.3,8.75,2.45,5.45,2.62,13,4.26,2.11,3.97,5.05,10.7,2.72,3.42,3.61,2.41,5.1,3.58,1.82,1.5,3.79,6.15,2.82,3.4,2.54,4.78
5,4.3,7.95,2.03,5.2,2.62,11.7,3.81,2.27,3.97,4.7,8.85,2.55,3.35,5.85,2.41,4.88,3.55,1.82,1.4,3.44,6.05,2.74,3.15,4.67,4.88
5,3.94,7.7,2.03,4.39,2.62,10.9,4.26,2.27,3.71,4.51,8,2.42,3.28,6.3,2.41,5,3.3,1.76,1.4,2.98,5.8,2.7,2.99,7.74,5.34
5.3,3.94,7.45,2.03,4.39,2.62,10.9,7.32,2.27,3.71,4.47,6.85,2.5,3.21,5.75,2.41,5.15,3.07,1.45,1.31,3.12,5.45,2.64,2.94,8.48,5.02
5.3,3.76,7.2,1.9,4.02,3.04,10.2,6.79,2.27,3.71,5.5,6.15,2.49,3.15,4.75,2.41,5.9,2.9,1.4,1.25,3.47,5.1,2.47,2.92,5.76,5.08
3.46,3.76,6.75,1.9,5.6,3.19,9.5,5.44,2.27,3.71,5.1,5.65,2.58,3.33,4.43,2.41,4.96,2.69,1.4,1.25,3.02,5.65,2.4,2.78,4.57,4.51
2.44,3.76,6.5,1.9,5.6,2.76,8.83,4.75,2.11,3.71,4.5,5.15,2.63,3.36,4.14,2.41,4.05,2.68,1.4,1.25,2.77,5.2,2.37,2.78,4.17,8.86
2.66,3.76,6.25,1.9,5.2,2.62,8.19,4.6,2.11,3.71,4.17,4.91,2.55,3.36,3.68,4.33,3.51,2.68,1.4,1.25,2.73,4.74,2.29,4.4,4.05,6.65
2.66,3.76,6,1.9,4.39,2.62,8.19,4.43,2.11,3.71,3.64,4.69,2.45,3.36,3.59,2.98,3.09,2.68,1.4,1.25,2.99,4.59,2.19,3.56,3.79,5.32
2.44,5.6,5.45,1.9,4.02,2.62,7.6,4.11,1.95,3.46,3.51,4.55,2.34,3.31,3.49,2.46,2.74,2.68,1.4,1.25,2.74,4.4,2.18,3.64,3.55,4.64
2.33,6.8,5.7,1.9,3.84,2.62,7.89,4.11,1.8,3.46,3.39,4.28,2.3,3.13,3.36,2.45,2.5,2.59,1.4,1.49,2.38,4.2,4.2,3.38,3.33,4.53
2.44,4.74,5.7,1.9,4.78,3.35,8.19,3.96,2.27,3.71,3.27,4.21,2.2,2.72,3.24,2.44,2.33,2.28,1.4,1.46,2.19,4.12,3.29,3.18,3.13,4.26
2.33,3.94,6.5,1.9,4.02,3.35,8.19,3.96,2.8,3.71,3.15,4.14,2.21,2.33,3.11,2.42,2.26,2.4,1.4,1.31,2.12,4.03,2.49,3.13,2.93,4.02
2.22,3.94,5.7,1.9,3.66,2.62,15.8,3.81,2.62,3.71,3.03,4.06,2.2,2.22,2.98,2.42,2.25,2.28,1.39,1.23,2,3.58,2.29,3.24,2.78,3.79
2.11,3.94,5.7,1.9,3.5,2.62,12.6,3.67,2.44,3.71,2.91,3.77,2.21,2.11,2.87,2.47,2.14,2.18,1.35,1.17,1.97,3.53,2.15,3.09,2.74,3.63
2,3.94,5.2,1.9,3.02,2.62,11.3,3.54,3.52,3.71,2.84,3.5,2.24,2.11,2.81,2.4,1.91,2.44,1.3,1.15,1.85,3.53,2.04,2.85,3.23,3.59
2,3.94,5,1.9,2.74,2.62,10.9,3.31,2.96,3.46,2.78,3.58,2.56,2.01,2.76,2.39,1.82,3.07,1.3,1.09,1.85,3.52,1.95,2.81,2.84,3.57
1.95,3.94,4.48,1.9,6.35,2.62,9.84,3.2,2.62,3.46,2.72,3.67,2.46,1.97,2.7,2.38,1.71,2.81,1.39,1.09,1.71,3.53,1.93,2.71,4.51,4.82
1.9,3.94,4.84,1.9,6.75,2.49,8.83,3.2,3.32,3.2,2.66,3.62,2.54,2.24,2.68,3.04,4.29,2.65,1.4,1.09,1.75,3.91,1.95,2.67,3.76,3.78
1.9,3.94,8.2,1.9,5.45,2.49,7.6,3.2,7.37,3,2.6,3.37,3.2,8.45,2.58,3.12,13.7,2.58,1.4,1.09,1.7,3.54,5,3.48,4.68,3.6
1.9,3.94,7.95,1.9,4.99,2.49,7.6,3.81,4.46,3,2.55,3.11,3.09,5.75,4.1,2.47,15.7,2.52,1.38,1.09,1.69,3.24,3.2,2.95,4.01,3.41
1.9,3.94,6.75,1.9,4.78,2.37,7.05,3.31,3.52,3,2.49,2.86,3.96,4.55,6.15,2.4,7.35,2.46,1.34,1.13,1.55,2.98,2.54,2.77,3.51,3.13
1.9,3.94,5.45,1.9,4.2,2.49,7.05,3.2,3.52,4.22,2.44,3.97,4.97,4.12,5.15,2.35,13.3,2.29,1.3,1.14,1.55,2.94,12.8,2.72,3.16,3.58
1.9,4.74,5.2,1.9,3.84,2.76,7.89,3.09,3.32,5.5,2.39,10.7,4.4,4.32,4.55,2.3,15.9,2.34,1.3,1.36,1.41,2.92,6.75,2.64,2.85,5.62
1.9,6.05,4.84,2.03,10.7,3.51,9.84,3,3.14,4.73,2.32,11.8,4.37,5.15,3.99,2.28,9.6,2.48,1.54,1.45,1.4,15.8,3.82,2.58,2.67,4.38
1.85,7.4,4.84,2.76,13.1,11.4,12.6,3,2.96,4.22,2.25,7.25,4.1,4.16,3.52,2.28,7.4,2.83,1.52,1.38,1.4,26,3.26,2.49,2.56,3.75
1.85,7.1,4.66,6.8,8.95,7.75,10.9,3,2.8,3.97,2.24,5.6,4.05,3.7,3.13,2.28,6.5,2.45,1.43,6.15,1.4,10.9,3.02,2.52,2.46,3.6
1.8,5.2,4.3,4.48,7.5,6.75,9.16,3,2.8,3.71,2.35,6,3.84,3.48,2.73,2.28,5.75,2.29,1.44,3.61,1.53,15,2.86,5.35,2.36,3.41
1.75,5.2,4.12,3.24,7.75,6.55,11.7,3,2.62,3.71,2.32,5.5,4.59,3.29,2.42,2.27,5.15,10.5,1.5,2.41,1.7,9.8,2.73,7.65,2.28,3.23
1.66,4.3,2.45,3.94,13.5,5.8,9.84,3.07,2.44,3.46,2.29,5.05,4.38,3.07,2.4,2.26,5.15,5.9,1.55,2.02,1.73,7.5,2.64,5.1,2.25,3.07
1.66,3.94,2.45,5,9.95,5.35,8.83,3.07,2.44,3.2,2.26,4.63,3.77,2.81,2.45,2.25,4.7,4.18,1.59,1.85,1.79,6.55,2.49,3.81,2.15,2.96
1.66,4.3,2.6,3.76,8.05,4.79,8.19,3.07,2.27,3.2,2.22,4.19,3.33,3.72,2.4,2.23,4.18,3.21,1.55,1.77,1.75,5.9,2.44,3.22,2.12,2.75
1.63,4.52,2.6,4.3,7.5,4.39,7.6,3.24,2.27,3.71,2.19,29.1,2.99,5.25,2.36,2.22,4.02,2.67,1.48,1.61,1.6,5.35,2.38,2.92,2.08,2.68
1.63,6.3,2.76,7.45,27.2,4.21,7.05,4,2.11,3.46,2.16,43.2,2.76,4.52,2.26,2.21,3.64,2.5,1.42,1.55,1.55,4.78,2.55,2.81,2.1,2.56
1.69,12.1,2.6,3.4,16.1,3.85,7.05,4.2,2.11,3.46,2.12,19.3,2.6,3.81,2.25,2.2,3.33,2.41,1.4,1.55,1.49,4.44,2.53,16.8,2.11,2.51
1.72,9.5,2.45,4.12,10.3,4.59,6.54,3.6,2.11,3.71,2.08,13,2.55,3.55,2.13,2.2,3.07,2.23,1.4,1.45,1.4,13.8,4.01,22.5,2.09,2.45
2.22,7.1,2.1,3.94,8.6,25.1,6.54,3.07,2.96,3.71,2.04,10.1,4.04,3.23,2,2.2,2.63,2.2,1.4,1.4,1.4,124,9.35,8.9,2.01,2.4
2.22,11.3,2.3,3.76,8.6,15,6.3,3.07,4.46,3.71,2,8.6,8.15,3.12,1.96,2.2,2.39,2.16,2.18,1.36,1.4,47.2,4.21,6.15,2.6,2.39
1.95,8.9,2.3,3.4,9.95,11.8,6.54,2.77,3.32,3.46,2.4,7.3,6.2,3.02,1.94,2.2,2.18,2.05,2.1,1.25,1.51,24.8,3.39,6.1,4.31,2.37
2.22,7.7,2.3,2.92,12.2,27.2,6.54,2.64,2.96,3.2,4.38,6.5,5.35,2.88,1.92,2.2,2.04,2.25,1.88,1.25,3.58,17.2,52.5,21.7,17.29,2.29
2.11,6.5,2.3,2.17,25.8,21.9,6.54,2.64,2.8,3.2,3.2,5.9,4.82,2.74,1.9,2.2,1.93,2.53,1.82,1.25,2.15,13.8,35.4,33.4,8.63,2.23
2.11,6.5,2.3,2.17,266,27.2,6.54,2.52,2.62,3,2.76,5.25,4.38,3.18,1.88,2.2,1.84,2.25,1.82,1.33,1.89,11.6,19.8,31.3,5.77,2.22
1.8,6.05,2.76,1.9,125,44.7,6.07,2.4,2.44,3.2,2.32,5.1,4.26,5.45,1.86,2.2,1.7,2.2,1.82,1.4,1.72,10.3,12.8,41.3,4.7,2.14
1.8,5.6,6.75,1.9,63,27.2,6.07,2.4,2.44,3.2,2.16,4.97,4.95,8.75,1.86,2.26,1.69,2.2,1.82,1.38,1.61,9.15,8.8,68,4.14,2.14
1.8,5.2,5.2,2.45,42.1,18.3,6.07,2.4,2.44,3.2,2.34,4.77,7.1,7.6,1.78,4.04,1.69,2.2,1.79,1.38,1.55,8.2,6.75,35.2,3.88,2.22
1.8,4.74,4.12,8.2,31.5,14,5.85,2.17,2.44,3.2,14,4.33,6.1,12.5,1.7,3.59,1.69,2.17,1.63,1.27,1.5,7.55,5.8,24.3,8.83,2.41
1.8,4.3,17,10.9,24.5,12.2,5.64,2.17,2.44,3.2,6.2,4.14,5.15,9.95,1.68,2.55,1.69,2.12,1.61,1.25,1.4,7.1,4.97,20,15.67,2.31
1.8,4.3,10.5,7,20.7,10.7,5.64,2.17,2.96,3.2,4.07,12.3,4.78,7.35,1.71,2.37,1.69,2.06,1.61,1.25,1.4,6.65,4.44,18.3,10.05,2.61
1.75,4.3,7.7,5.2,17.7,9.6,5.64,2.28,3.14,4.48,3.36,11.7,4.46,6.15,1.65,2.3,1.69,2.01,1.61,1.25,1.34,33.5,11.3,18.2,7.49,8.15
1.75,4.3,6.25,4.12,15.5,8.6,5.64,2.28,3.14,7.13,24.8,11.1,4.15,9.4,1.53,2.27,1.89,1.95,1.61,1.4,2,41.1,86.5,23.5,6.33,8.03
1.72,4.3,5.2,3.76,14,8.6,5.25,2.17,2.8,4.99,16.4,9.25,3.8,20.1,1.51,2.96,2.74,1.9,1.61,1.81,1.84,19.9,153,62.5,5.91,5.11
1.72,3.4,4.84,3.94,12.7,7.75,5.85,2.17,2.8,4.22,14.2,7.3,3.57,14.4,1.51,5.15,1.95,1.85,1.59,1.65,1.67,14.5,91.5,37.6,6.3,3.99
1.75,3.4,4.48,6.25,12.2,7.5,5.64,2.17,2.8,3.97,10.5,29.2,3.27,11.4,1.51,4.58,2,1.77,1.43,1.67,23.8,11.6,54,31.9,6.88,3.42
1.72,3.4,4.12,6.5,11.4,7,5.25,2.07,2.62,3.71,68.5,33,3.2,12.7,1.45,3.73,5.75,1.6,1.4,1.55,29.3,10.5,38.9,33.8,6.14,3.25
1.69,3.4,3.94,24.8,10.3,7,5.25,1.89,2.62,3.71,38.2,17.7,3.05,12.8,1.43,3.02,4.01,1.51,1.4,1.43,11,9.75,31.7,26.5,5.59,2.95
1.69,3.4,3.94,49.1,9.6,9.25,5.25,1.89,2.44,3.71,24.9,13.7,2.99,10,1.42,2.65,2.6,1.75,1.4,1.4,22.1,8.9,26.3,22.1,5.21,2.85
1.69,3.4,3.94,18.8,13.5,10.3,4.91,1.98,2.44,3.46,18.3,12.7,2.96,8.85,1.42,2.39,2.2,2.24,1.4,1.4,62.5,8.15,29.3,20.5,4.89,2.75
1.69,3.4,3.76,12.3,25.1,8.95,4.91,2.07,2.44,3.46,14.6,11.9,2.83,8.95,1.43,2.32,1.94,2.41,1.4,9.65,29.1,7.45,202,18.4,202,202
1.69,2.5,5,10.2,15,13.1,4.91,2.17,2.44,3.46,16.9,10.3,2.68,21.6,1.42,2.23,1.85,2.3,1.4,5.15,16.5,7.2,144,17.2,144,144
1.66,2.5,42.8,9,12.7,23.2,4.91,2.64,2.62,3.46,18.1,9.25,2.63,50,1.42,2.2,1.77,2.86,1.4,2.98,12.1,7.1,106,16,106,106
1.72,2.5,31,8.2,11.4,22.5,4.75,3.24,2.8,3.2,22.2,8.35,2.56,48.9,1.42,2.2,1.65,4.38,1.4,2.65,9.9,9.35,75.5,15.7,75.5,75.5
1.72,2.5,14,7.45,10.3,47.3,4.75,3.24,3.74,3.2,18,8.45,2.48,56,1.45,2.2,6.7,4.12,1.4,2.75,8.4,12.3,58,13.4,58,58
1.72,2.5,11.4,6.75,9.6,28.6,4.6,3.07,2.8,3.2,15.8,14.4,2.43,37.5,1.68,2.2,21.2,5.15,1.4,2.44,30.7,12,67.5,11.8,67.5,67.5
1.72,2.5,10.5,8.2,8.95,19.5,6.3,2.92,3.14,3.2,13.2,15.2,2.4,27.2,1.66,2.2,22,4.34,1.4,2.21,41.8,12.3,63,10.7,63,63
1.75,2.5,9.3,11.2,8.6,21.3,24.7,2.77,3.14,3.2,11.5,18.7,2.38,20.8,1.72,2.2,14.9,4.53,1.45,2.03,26.4,12.1,141,9.8,141,141
1.9,2.5,8.5,10.5,8.05,18.3,14.4,2.64,3.14,3.71,10.6,24.4,2.36,17.1,1.56,2.2,12.6,3.99,1.75,1.97,19.3,10.6,145,8.95,145,145
1.9,2.5,7.95,9.9,7.75,11.8,22.1,2.52,3.14,3.71,9.45,20.2,2.33,14.5,1.55,2.2,18.4,4.73,1.78,1.85,15.2,81.5,95.5,8.45,95.5,95.5
1.85,5.85,7.2,9,7.5,11,16.9,2.52,10.1,4.73,9.15,17.2,2.39,12.9,1.53,2.2,71.5,12.5,1.74,1.85,17.4,62,70.5,8.05,70.5,70.5
1.85,18.7,6.75,8.2,7.25,61,16.9,2.52,20.1,11.3,11.3,16.6,2.33,11.6,1.51,2.2,91.5,46.7,1.71,1.77,38.7,37.3,55.5,7.25,55.5,55.5
1.85,9.5,9.9,7.7,6.75,100,9.84,2.4,17.1,7.13,17.7,24.8,2.31,10.5,1.48,2.2,52.5,31,1.67,2.36,58.5,26.2,43.5,6.9,43.5,43.5
2.33,6.8,24,7,6.35,52.5,8.83,2.4,95,5.75,13.3,57.5,8.7,9.9,1.44,2.2,37.2,27.3,1.63,2.19,46,21.9,45,6.55,45,45
2.77,5.4,40,6.5,6.15,38.7,7.89,2.4,141,5.24,11.5,44.1,31.1,9,1.45,2.2,28.8,27.8,1.61,2.17,38.2,19,39,6.25,39,39
2.33,11.6,37.2,5.7,6.15,30.7,7.05,2.17,72.3,7.13,10,33.1,15.5,8.55,1.44,2.2,24.5,22.1,1.61,2,31.1,17,32.9,5.95,32.9,32.9
2,10.2,32,5.2,7.25,25.1,7.32,2.17,74.7,20,9.1,28.4,21.9,8,1.43,2.2,22.4,15.1,1.61,2.71,25.4,30.8,32.2,5.75,32.2,32.2
2,9.2,24,4.84,13.5,21.9,7.05,2.17,51.8,29.2,7.95,26.6,14.2,7.4,1.45,2.2,20.1,12.6,1.61,3.74,22,35.5,29.2,5.6,29.2,29.2
1.9,8.6,18.8,6.25,9.95,21.9,6.54,2.17,32.5,17.1,8.65,41.2,9.9,6.85,1.45,2.2,17.8,21,1.61,3.61,19.2,26,26.1,5.35,26.1,26.1
1.9,7.7,15.2,37.3,9.25,20.7,6.3,2.17,24,11.7,8.5,35.1,8.05,6.75,1.45,2.25,15.7,26.5,1.91,7.45,16.7,85.5,23.8,6.6,23.8,23.8
1.9,7.1,13.2,50,8.95,18.3,6.07,2.17,19.5,9.2,9.85,27.1,6.7,6.85,1.48,2.46,14,18.2,1.84,7.15,14.8,112,22,23.5,22,22
1.9,6.5,12,32,8.6,17.2,12.1,2.07,17.1,8.51,11.6,23,5.9,6.45,1.53,2.77,12.3,14.9,1.82,4.93,13.3,81,20.5,26.2,20.5,20.5
1.9,6.3,11.4,23.2,7.75,16.1,36.3,2.17,15.4,7.82,10.3,20.3,5.25,6.2,1.55,7.8,11.3,12.7,1.74,5.05,11.8,59,18.9,54.5,18.9,18.9
1.9,6.05,10.5,18.2,7.5,15.5,96.4,2.17,14.9,10.9,9.1,22.7,4.69,6,1.57,9.65,9.9,11.6,1.61,7,10.9,46.8,17.4,52.5,17.4,17.4
1.9,6.05,9.9,16.4,7,17.2,37.2,2.17,13.3,58,8.25,22.4,4.43,5.45,1.57,5.6,10.6,10.7,1.61,16.1,10.1,44.2,15.9,33.9,15.9,15.9
1.9,5.6,9.6,15.2,6.55,19.5,42.6,2.17,21.4,40,15.7,19.7,4.18,10.3,1.57,5.75,9.95,9.65,1.61,19.6,9.45,54,14.9,26.8,14.9,14.9
1.9,5.85,9,13.3,5.95,17.7,96.4,2.07,55.5,23.7,14.8,17.8,3.94,13.8,1.55,5.3,9.1,8.8,1.61,17.3,9.2,57.5,14,22.1,14,14
1.85,21.4,8.75,12.6,5.8,16.6,111,2.07,74.7,17.6,12.7,15.8,3.69,10.5,1.5,4.84,14.2,8,1.63,12.7,16,62,13.2,37.5,13.2,13.2
1.8,20,8.2,12.3,5.45,19.5,65.6,2.07,48.1,15,11.6,14.6,3.64,8.9,1.46,4.41,57,7.5,2.15,20.7,15,112,12.6,53,12.6,12.6
1.8,13,7.95,11.6,5.45,25.1,49.1,2.07,34.1,13.4,11.4,13.6,22.5,8.3,1.46,4.18,54,7,2.6,42.8,13.5,94,11.9,35.6,11.9,11.9
1.75,10.9,7.7,10.5,5.35,17.2,39.9,2.07,26.2,12.1,13.1,12.5,26.8,7.75,1.51,4.07,35.5,7.05,2.17,31.4,17.8,96.5,11.6,29.2,11.6,11.6
1.72,10.2,7.45,9.9,5.45,40.4,50,2.07,22,10.5,15.6,10.7,14.6,7.25,1.57,3.84,26.6,7.45,2.02,40.2,16.9,89.5,13.2,24.7,13.2,13.2
1.72,9.5,7.2,9.3,5.95,32.2,42.6,2.07,18.3,9.2,13.1,9.85,10.9,6.7,1.67,3.83,23.1,6.4,1.89,29.6,15.5,93.5,13.3,21.6,13.3,13.3
1.72,8.9,7.2,8.75,5.45,29.3,35.4,2.07,16,9.2,11.6,8.95,9.05,7.25,1.58,4.67,20.2,5.1,1.89,23.5,34,75.5,12.2,19.9,12.2,12.2
1.72,8.3,7,8.75,5.2,48.2,30.4,2.07,14.9,8.86,10.4,8.5,8.05,7.9,1.53,4.18,17.5,5.25,2.39,19.4,41.3,61.5,11.6,18.2,11.6,11.6
1.69,7.7,6.75,8.5,4.99,41.3,25.4,2.07,12.8,8.17,9.7,8,7.25,7.8,1.55,3.83,15.4,5.7,2.99,15.9,47.3,52,11.1,155,11.1,11.1
1.69,7.4,7.2,8.2,4.78,37.9,27.5,2.07,12.3,7.82,9,7.55,6.45,19,1.88,3.54,13.7,6.2,3.41,13.3,33.6,43.8,10.9,255,10.9,10.9
1.69,7.1,7.2,7.7,4.58,105,30.4,2.07,12.3,7.82,8.35,7.1,5.8,23.8,2.62,3.36,12.6,5.9,2.76,11.3,26.5,36.4,13.7,132,13.7,13.7
1.69,7.1,7,7.45,4.39,87,26.8,2.07,14.9,7.82,7.65,58,5.3,17.4,2.04,3.36,11.5,4.27,2.32,10,22.8,30.8,13.8,88.5,13.8,13.8
8.75,6.5,6.5,7.2,4.39,69,24,2.07,12.3,8.17,7.05,273,4.78,14.6,1.81,3.33,11.5,7.4,2.43,9.1,20.5,27.7,12.6,69,12.6,12.6
8.2,6.5,6.25,7,5.2,94.5,21.5,1.98,10.9,10.5,6.85,139,4.39,12.6,1.68,3.18,21.7,9.75,2.95,8.55,18.1,24.6,11.9,120,11.9,11.9
4.2,8.3,6.25,7,4.78,196,19.6,1.98,10.5,9.2,6.5,81.5,4.18,11.6,1.64,3.05,20.6,7.9,2.69,7.9,16.3,23.2,11.6,91.5,11.6,11.6
3.1,10.9,6,7.2,4.78,132,17.9,1.98,10.1,9.2,6.15,56,3.97,10.7,1.68,3,17.6,6.6,2.44,7.35,14.6,25.3,11.1,74.5,11.1,11.1
2.88,9.2,5.7,7.45,6.15,136,17.4,1.98,9.27,15,5.8,96.5,3.77,9.9,2.19,2.82,16.8,6.55,2.32,7.2,27.5,28.1,10.4,58.5,10.4,10.4
2.66,8.9,5.7,7.7,9.95,97,17.9,1.98,9.67,12.1,5.5,116,3.59,9.35,2.03,4.11,23.1,6.35,2.23,6.9,111,30.8,9.95,48.8,9.95,9.95
2.44,10.9,13.2,8.75,8.6,77.5,19.1,1.98,14.3,10.9,5.25,76.5,3.47,25.7,1.9,10.8,17.9,5.15,2.23,10.3,69,30.9,9.55,40.8,9.55,9.55
2.33,12,8.2,10.9,14.5,63,21.5,1.98,14.9,10,4.98,57.5,3.36,35.1,1.72,7.7,16.9,5.25,2.17,11.2,54.5,102,9.2,34.8,9.2,9.2
2.22,10.9,7.2,10.9,58.5,52,20.8,1.98,12.8,8.86,4.65,49.2,3.26,39.5,1.68,5.9,16.3,5.5,2.02,9.05,44.6,87.5,8.9,31.2,8.9,8.9
2.33,12,6.75,10.5,28.6,44.7,19.1,1.89,11.4,10.5,4.47,45.6,3.15,29.4,1.64,5.35,15,5.8,2.02,8.45,36.7,68,8.6,27.6,8.6,8.6
2.88,13,6.5,32.5,19.5,39.6,17.4,1.89,10.9,13.4,4.32,41.9,3.04,24,1.63,4.87,13.5,6.1,2.32,8.15,35.1,73,8.35,28.7,8.35,8.35
3.82,13.7,6.25,25.6,17.2,34.6,16.3,1.81,10.1,10.9,4.16,37.6,2.93,20.7,1.63,4.39,13.1,6.4,2.44,7.65,32,85,8.05,26.9,8.05,8.05
3.1,15.7,6,31.5,25.8,30,33.7,1.81,9.67,10,4,33,2.68,18.8,1.63,4.16,12.6,6.2,2.62,8.8,27.5,76.5,7.8,26.9,7.8,7.8
4,14.4,5.7,28,18.9,27.2,37.2,1.81,8.88,9.2,3.86,29.9,2.64,17.3,1.62,7.8,11.8,4.95,6.95,26,24.4,73,7.5,26.9,7.5,7.5
4,14.4,5.7,23.2,15,24.5,28.9,1.81,8.5,8.51,3.81,27.1,2.64,17.8,1.55,12,12,4.55,8.45,33.1,21.5,60.5,7.25,26.9,7.25,7.25
3.46,13.7,5.7,23.2,13.5,21.9,24.7,1.81,8.5,8.17,3.96,31.5,2.58,19.5,1.53,9.3,13.2,4.4,5.1,26.3,19.7,51.5,9.15,26.9,9.15,9.15
3.1,12.3,5.45,21.6,11.8,20.7,22.7,1.81,8.11,7.82,3.87,36.5,2.49,17,1.55,7.55,13.2,4.36,3.81,29.3,17.7,43.3,9.65,26.9,9.65,9.65
2.88,11.6,5.45,20.8,10.7,19.5,20.8,1.81,7.37,7.82,3.79,34.6,2.96,16,1.56,6.3,14.6,4.3,3.12,38.1,16.1,36.2,9.05,26.9,9.05,9.05
2.88,10.9,5.45,67.5,12.2,17.7,19.1,1.81,7,8.51,3.7,82.5,24.9,19.3,1.51,5.7,14.5,4.48,2.61,32.3,15,31.1,8.7,26.9,8.7,8.7
3.1,10.2,5,86,11.4,16.6,17.4,1.81,7,8.17,3.61,74,20.2,17.5,1.48,5.2,13.8,4.48,2.36,27.8,14,28.2,8.45,26.9,8.45,8.45
3.1,9.85,5,65,11.4,15,16.3,1.74,7,7.82,3.53,54.5,20.4,16.1,1.5,4.81,12.9,4.5,2.23,23.2,13,25.2,8.15,26.9,8.15,8.15
3.64,9.5,5,46,23.8,15,15.3,1.68,7,7.82,3.56,45.6,16.2,14.7,1.51,4.45,12.2,4.62,2.14,20.1,12.2,22.8,8.1,26.9,8.1,8.1
3.64,11.3,5,40.2,27.2,32.2,14.8,1.62,7,7.48,5.15,38.6,13.1,15.8,1.51,4.11,11.4,5.1,2.02,17.3,11.4,21.1,12,26.9,12,12
3.64,11.6,5,35.8,20.7,83,14.4,1.57,6.65,6.79,6.35,34,11.1,58,1.52,3.84,10.6,13.8,1.82,15.2,10.6,19.6,12.6,26.9,12.6,12.6
3.64,22.4,4.84,31,30,64,13.4,1.57,6.3,6.44,5.2,30.2,9.7,37.8,1.61,3.51,10.1,13,1.82,13.6,10,23.8,12,26.9,12,12
3.64,116,4.84,29,90.5,50,12.6,1.89,6.3,6.44,4.71,26.3,8.5,29.6,1.67,3.21,9.7,10.7,1.82,12.4,9.55,28.8,12.1,26.9,12.1,12.1
3.46,61.5,5,26.4,63,41.3,12.6,2.07,5.97,6.44,4.53,23.8,7.8,24.6,1.71,2.94,41.3,21.7,1.82,11.3,9,72.5,12.2,26.9,12.2,12.2
3.1,41,6.25,23.2,44.7,35.4,32,1.89,5.97,7.82,4.42,22.4,7.2,21.4,1.75,2.88,64,29.6,1.82,10.4,8.5,61.5,12.3,26.9,12.3,12.3
3.1,29.5,5.7,20,36.2,40.4,35.4,1.74,5.64,10.9,5.7,25.7,6.85,19.1,1.75,2.83,41.2,19.5,1.82,9.65,8.1,55.5,12.5,26.9,12.5,12.5
3.1,55.5,7,18.2,30,50,134,1.68,5.64,9.62,7.6,42.3,6.5,17.2,1.75,2.59,30.5,14.9,1.65,9.2,7.65,55.5,16.3,26.9,16.3,16.3
3.1,50,9.9,16.4,25.8,43,210,3.24,5.97,8.51,31.1,108,6.25,15.8,2.13,2.75,24.7,12.8,1.61,45.5,7.35,51.5,22.4,26.9,22.4,22.4
2.88,37.9,8.75,15.2,23.2,41.3,115,5.4,5.64,7.82,29.9,81,6.3,14.6,4.93,5.3,21,11.3,1.61,36.4,7.25,43.3,23.4,26.9,23.4,23.4
3.28,32.5,7.95,14,20.7,42.1,73.5,4,7.74,7.82,27.7,77,6.5,13.7,3.97,5.35,18.3,10.4,1.61,25.8,7.05,37,22.4,26.9,22.4,22.4
3.46,29,7.45,13.3,19.5,37.1,58.4,9.65,11.9,7.82,53.5,71.5,6.15,12.8,3.16,4.98,16.2,10,1.56,20.5,6.75,31.9,21.6,26.9,21.6,21.6
3.28,26.4,7.2,14.6,21.3,30,51.8,7.34,10.1,7.82,53.5,66.5,5.95,12,2.61,4.61,14.6,9.05,1.53,18.5,6.45,29.4,19.4,26.9,19.4,19.4
3.1,21.6,7.2,13.7,25.8,28.6,44.4,5.13,17.1,7.82,50.5,58,5.8,13.1,2.26,4.64,18.4,8.2,1.78,16.2,6.3,26.7,21.9,26.9,21.9,21.9
3.1,19.3,7.45,12.6,23.8,24.5,39,4,24.7,13.9,49.2,52,5.65,12.1,2.11,4.72,22.8,7.7,1.82,14.7,6.1,24.4,24.5,26.9,24.5,24.5
3.1,17.2,7.45,12.3,27.9,22.5,32.9,3.6,20.7,25,79,51.5,5.85,12.4,2.11,4.72,20.1,7.25,1.82,13.3,6.1,22.7,26.2,26.9,26.2,26.2
3.1,15.1,7.2,11.9,86,20.7,28.9,3.79,48.1,17.6,66.5,58,8.55,12.5,2.11,4.72,18.8,6.8,1.82,12.2,5.9,21.2,31.1,26.9,31.1,31.1
2.99,15.1,7.2,11.9,61,20.1,26.1,3.41,55.5,15,144,98.5,10.9,15.4,2.07,6.85,22.3,6.25,2.2,11.7,5.75,19.6,29.3,26.9,29.3,29.3
2.99,13,6.5,11.9,46.4,27.2,23.4,3.24,42.7,13.4,115,69.5,40.9,24.1,2.02,15.7,21.3,5.8,17.6,11.1,5.75,18.2,27.8,26.9,27.8,27.8
2.88,12.3,6.25,11.2,37.1,29.3,21.5,3.07,32.5,12.1,72.5,59,38.8,20.2,1.93,19.7,19,6.25,14.1,10.5,6.1,17.1,38.1,26.9,38.1,38.1
3.82,11.6,7.95,10.9,31.5,26.5,20.2,2.77,27,12.1,60.5,57,70,18.9,1.76,13.8,16.9,5.75,7.95,9.75,7.65,16.2,47.4,26.9,47.4,47.4
6.3,10.6,14.6,10.5,27.2,24.5,22.1,2.64,24,15,51.5,52,67,17.4,1.71,11.2,15.8,5.65,5.75,9.65,133,15.5,36.7,26.9,36.7,36.7
5.95,9.85,13.6,9.9,24.5,21.9,20.8,2.52,20.7,14.5,42,45.9,44.6,15.8,1.92,9.7,14.6,5.85,6.1,9.85,115,14.6,28.7,26.9,28.7,28.7
5.95,9.5,26.7,9.9,21.9,20.7,19.6,2.52,18.3,15.5,40.5,40,53,14.8,2.11,8.35,13.5,5.85,5.55,9.9,71,13.9,30.9,26.9,30.9,30.9
5,9.5,24,10.9,19.5,19.5,20.2,2.52,17.1,15,41.6,34.8,40.8,14.3,2.3,7.15,13.3,5.95,4.44,9.9,52,13.2,30.3,26.9,30.3,30.3
4.6,9.5,17.6,10.5,17.7,18.3,18.5,2.52,15.4,14.5,34.6,30.9,31.2,13.7,2.84,7.5,18,5.85,4.05,14.2,40.2,12.6,27.9,26.9,27.9,27.9
6.9,9.5,14,10.5,16.1,16.1,18.5,2.52,14.3,13.4,30.6,28.8,25.3,13,3.11,14.1,16.2,5.4,3.95,25,33.4,11.9,24.4,26.9,24.4,24.4
7.25,24.7,12.4,10.5,15,16.1,23.4,3.79,13.8,12.1,28.2,25.8,21.3,12.3,3.07,13.2,15.6,5.3,3.85,28.4,28.2,11.3,22.1,26.9,22.1,22.1
7.55,35.8,11.4,11.9,14,15.5,20.2,7.7,14.3,10.9,76.5,24.2,20.2,11.7,7.2,13.1,15.1,5.2,3.76,25.7,24.6,10.9,21,26.9,21,21
7.25,27.2,10.8,12.6,13.1,14,18.5,10,17.1,9.62,86,22,19.1,11.2,8.85,16.3,14,5.1,3.68,32.3,21.4,10.4,21.4,26.9,21.4,21.4
6.6,21.6,10.5,12.3,12.7,17.2,17.4,8.4,18.9,9.2,144,20.3,17.8,10.2,5.95,14.2,12.9,4.84,3.6,36.6,19.6,10,27.7,26.9,27.7,27.7